Scientific name,Common name,Order,Family,Trophic level,Num. w plastic,Total num. sampled,FO of plastic,Mean num particles per indv,Habitat,Commercial status,IUCN status,Oceanographic province,Method type,Year of collection,Publication year,Reference,Polymer identification,Blanks used,Clean lab procedures,Size detection threshold (mm),Degree of prior sampling,Plastic FO in PICES region,Residency,Distribution in PICES region,Distribution globally,Already an indicator?,Threat of human exposure,Total bioindicator score,Notes
Alepisaurus ferox,Longnosed lancetfish,Aulopiformes,Alepisauridae,4,43,144,0.298611111,2.7,mesopelagic,,LC,NPTG,1,2007-2012,2013,Choy and Drazen 2013,none,NA,NA,NA,4,3,4,4,4,4,1,24,
Lampris megalopsis,Big-eye Moonfish/Opah,Lampriformes,Lampridae,4.2,49,115,0.426086957,2.3,bathypelagic,,NA,NPTG,1,2007-2012,2013,Choy and Drazen 2013,none,NA,NA,NA,4,3,4,4,4,2,3,24,Considered one species (Lampris guttatus) by FishBase
Alepisaurus ferox,Longnosed lancetfish,Aulopiformes,Alepisauridae,4,47,192,0.244791667,NA,mesopelagic,,LC,NPTG,1,November 2010-August 2011,2013,Jantz et al. 2013,none,NA,NA,1,4,3,4,4,4,4,1,24,
Coryphaena hippurus,Common dolphinfish,Perciformes,Coryphaenidae,4.4,1,42,0.023809524,NA,pelagic-neritic,,LC,NPTG,1,2007-2012,2013,Choy and Drazen 2013,none,NA,NA,NA,2,2,4,4,4,4,3,23,
Lampris incognitus,Small-eye Moonfish/Opah,Lampriformes,Lampridae,4.2,14,24,0.583333333,5.8,bathypelagic,,NA,NPTG,1,2007-2012,2013,Choy and Drazen 2013,none,NA,NA,NA,2,4,4,4,4,2,3,23,Considered one species (Lampris guttatus) by FishBase
Prionace glauca,Blue shark,Carcharhiniformes,Carcharhinidae,4.4,29,893,0.032474804,0.0358,pelagic-oceanic,,NT,CCAL,1,1995-1997,2010,Markaida and Sosa-Nishizaki 2010,none,NA,NA,0.5,4,2,4,4,4,2,3,23,
Coryphaena hippurus,Common dolphinfish,Perciformes,Coryphaenidae,4.4,1,8,0.125,1,pelagic-neritic,,LC,NPTG,3,,2020,Hyrenbach et al. 2020,FTIR,not described,not described,0.25,2,2,4,4,4,4,3,23,
Cololabis saira,Pacific saury,Beloniformes,Scomberesocidae,3.7,18,52,0.346153846,3.2,pelagic-oceanic,,Not assessed,NPPF,2,2008,2010,Boerger et al. 2010,none,not described,not described,NA,3,3,4,4,3,2,3,22,
Hygophum reinhardtii,Reinhardt's Lantern fish,Myctophiformes,Myctophidae,3.2,16,45,0.355555556,1.3,bathypelagic,,LC,NPPF,2,2008,2010,Boerger et al. 2010,none,not described,not described,NA,2,3,4,4,4,4,1,22,
Mugil cephalus,Flathead gray mullet,Mugiliformes,Mugilidae,2.5,23,60,0.383333333,0.583333333,benthopelagic,,LC,CHIN,3,February - March 2017,2018,Cheung et al. 2018,FTIR,open-air lab control,yes,0.01,4,3,4,2,4,2,3,22,
Hygophum reinhardtii,Reinhardt's Lantern fish,Myctophiformes,Myctophidae,3.2,0,2,0,0,mesopelagic,,LC,NPTG,2,2009,2011,Davison and Asch 2011,none,vaguely mentioned,yes,0.007,2,3,4,4,4,4,1,22,
Clupea pallasii,Pacific herring,Clupeiformes,Clupeidae,3.2,4,205,0.019512195,0.248780488,pelagic-neritic,,Not assessed,CCAL,2,2009-2016,2018,Hipfner et al. 2018,FTIR,open-air lab control,yes,0.063,4,2,4,2,3,4,3,22,
Mugil cephalus,Flathead gray mullet,Mugiliformes,Mugilidae,2.5,18,18,1,3.7,benthopelagic,,LC,CHIN,3,2015,2017,Jabeen et al. 2017,FTIR,lab blank,yes,0.005,4,3,4,2,4,2,3,22,
Decapterus muroadsi,Amberstripe scad,Perciformes,Carangidae,3.4,24,78,0.31,0.41,pelagic-oceanic,,LC,CHIN,3,Summer 2016,2019,Zhao et al. 2019,FTIR,lab blank,yes,0.00045,3,3,4,3,4,2,3,22,
Mugil cephalus,Flathead grey mullet,Mugiliformes,Mugilidae,2.5,4,12,0.333333333,0.5,benthopelagic,,LC,CHIN,3,,2020,Lin et al. 2020,FTIR,lab blank,yes,0.02,4,3,4,2,4,2,3,22,
Mugil cephalus,Flathead grey mullet,Mugiliformes,Mugilidae,2.5,NA,13,NA,5.2,benthopelagic,,LC,CHIN,3,,2020,Zhang et al. 2020a,FTIR,not described,yes,0.0045,4,3,4,2,4,2,3,22,
Gempylus serpens,Snake mackerel,Perciformes,Gempylidae,4.4,1,104,0.009615385,NA,pelagic-oceanic,,LC,NPTG,1,2007-2012,2013,Choy and Drazen 2013,none,NA,NA,NA,4,2,4,3,4,2,2,21,
Katsuwonus pelamis,Skipjack tuna,Perciformes,Scombridae,4.4,0,29,0,NA,pelagic-oceanic,,LC,NPTG,1,2007-2012,2013,Choy and Drazen 2013,none,NA,NA,NA,2,2,4,4,4,2,3,21,
Thunnus obesus,Bigeye Tuna,Perciformes,Scombridae,4.5,3,35,0.085714286,NA,pelagic-oceanic,,VU,NPTG,1,2007-2012,2013,Choy and Drazen 2013,none,NA,NA,NA,2,2,4,4,4,2,3,21,
Xiphias gladius,Swordfish,Perciformes,Xiphiidae,4.5,1,31,0.032258065,NA,pelagic-oceanic,,EN,NPTG,1,2007-2012,2013,Choy and Drazen 2013,none,NA,NA,NA,2,2,4,4,4,2,3,21,
Oncorhynchus tshawytscha,Chinook salmon,Salmoniformes,Salmonidae,4.4,44,74,0.59,0.683783784,benthopelagic,,Not assessed,CCAL,3,Summer 2015,2019,Collicutt et al. 2019,none,lab blank,yes,0.0012,3,4,4,2,3,2,3,21,
Coilia nasus,Japanese grenadier herring,Clupeiformes,Engraulidae,3,18,18,1,4,pelagic-neritic,,EN,CHIN,3,2015,2017,Jabeen et al. 2017,FTIR,lab blank,yes,0.005,3,4,4,1,3,2,4,21,
Oncorhynchus tshawytscha,Chinook salmon,Salmoniformes,Salmonidae,4.4,1,4,0.25,0.25,benthopelagic,,Not assessed,CCAL,3,2014,2015,Rochman et al. 2015,none,lab blank,yes,0.5,3,4,4,2,3,2,3,21,
Coilia nasus,Japanese grenadier herring,Clupeiformes,Engraulidae,3,16,36,0.444444444,0.7,pelagic-neritic,,EN,CHIN,3,2017,2019,Su et al. 2019,FTIR,lab blank,yes,0.02,3,4,4,1,3,2,4,21,
Katsuwonus pelamis,Skipjack tuna,Perciformes,Scombridae,4.4,4,10,0.4,1.8,pelagic-oceanic,highly commerical,LC,NPTG,3,,2020,Hyrenbach et al. 2020,FTIR,not described,not described,0.25,2,2,4,4,4,2,3,21,
Symbolophorus californiensis,Bigfin lanternfish,Myctophiformes,Myctophidae,3.4,27,78,0.346153846,7.2,mesopelagic,,Not assessed,NPPF,2,2008,2010,Boerger et al. 2010,none,not described,not described,NA,3,3,4,4,3,2,1,20,
Lutjanus stellatus,Snapper,Perciformes,Lutjanidae,4,15,26,0.576923077,1.153846154,reef-associated,,Not assessed,CHIN,3,2016-2017,2019,Chan et al. 2019,FTIR,lab blank,yes,0.02,2,4,4,1,3,2,4,20,
Ammodytes personatus,Pacific sand lance,Perciformes,Ammodytidae,3.1,11,734,0.014986376,0.07493188,demersal,,Not assessed,CCAL,2,2009-2016,2018,Hipfner et al. 2018,FTIR,open-air lab control,yes,0.063,4,2,4,1,3,2,4,20,
Larimichthys crocea,Large yellow croaker,Perciformes,Sciaenidae,3.7,18,18,1,4.6,benthopelagic,,Not assessed,CHIN,3,2015,2017,Jabeen et al. 2017,FTIR,lab blank,yes,0.005,3,4,4,1,3,2,3,20,
Scomber japonicus,Chub mackerel,Perciformes,Scombridae,3.4,0,1,0,0,pelagic-neritic,,LC,CCAL,3,2014,2015,Rochman et al. 2015,none,lab blank,yes,0.5,2,4,4,2,3,2,3,20,
Scomber japonicus,Chub mackerel,Perciformes,Scombridae,3.4,5,9,0.555555556,0.8,pelagic-neritic,,LC,CHIN,3,2017,2019,Su et al. 2019,FTIR,lab blank,yes,0.02,2,4,4,2,3,2,3,20,
Chelidonichthys kumu,Bluefin gurnard,Scorpaeniformes,Triglidae,3.7,3,3,1,7.3,demersal,,LC,CHIN,3,18-Jan,2019,Zhang et al. 2019,FTIR,lab blank,yes,0.0016,4,3,4,1,3,2,3,20,
Larimichthys crocea,Large yellow croaker,Perciformes,Sciaenidae,3.7,NA,30,NA,0.7,benthopelagic,,Not assessed,CHIN,3,September of 2017,2019,Zhang et al. 2019,FTIR,lab blank,yes,0.0016,3,4,4,1,3,2,3,20,
Larimichthys crocea,Large yellow croaker,Perciformes,Sciaenidae,3.7,3,3,1,5,benthopelagic,,Not assessed,CHIN,3,18-Jan,2019,Zhang et al. 2019,FTIR,lab blank,yes,0.0016,3,4,4,1,3,2,3,20,
Ammodytes personatus,Pacific sand lance,Perciformes,Ammodytidae,3.1,20,50,0.4,0.54,demersal,,Not assessed,CHIN,3,Summer 2016,2019,Zhao et al. 2019,FTIR,lab blank,yes,0.00045,4,2,4,1,3,2,4,20,
Chelidonichthys kumu,Bluefin gurnard,Scorpaeniformes,Triglidae,3.7,64,177,0.36,0.45,demersal,,LC,CHIN,3,Summer 2016,2019,Zhao et al. 2019,FTIR,lab blank,yes,0.00045,4,3,4,1,3,2,3,20,
Larimichthys crocea,Large yellow croaker,Perciformes,Sciaenidae,3.7,8,10,0.8,1.8,benthopelagic,,Not assessed,CHIN,3,,2020,Wu et al. 2020,FTIR,lab blank,yes,0.0007,3,4,4,1,3,2,3,20,
Larimichthys crocea,Large yellow croaker,Perciformes,Sciaenidae,3.7,3,3,1,5.3,benthopelagic,highly commerical,Not assessed,CHIN,3,,2020,Zhang et al. 2020b,FTIR,lab blank,yes,0.0045,3,4,4,1,3,2,3,20,
Chelidonichthys kumu,Bluefin gurnard,Scorpaeniformes,Triglidae,3.7,3,3,1,7.3,demersal,commercial,LC,CHIN,3,,2020,Zhang et al. 2020b,FTIR,lab blank,yes,0.0045,4,3,4,1,3,2,3,20,
Loweina interrupta,NA,Myctophiformes,Myctophidae,3.2,10,28,0.357142857,1,bathypelagic,,LC,NPPF,2,2008,2010,Boerger et al. 2010,none,not described,not described,NA,2,3,4,1,4,4,1,19,
Myctophum aurolaternatum,Golden lanternfish,Myctophiformes,Myctophidae,4.5,161,460,0.35,6,bathypelagic,,Not assessed,NPPF,2,2008,2010,Boerger et al. 2010,none,not described,not described,NA,4,3,4,1,4,2,1,19,
Solea ovata,Sole,Pleuronectiformes,Soleidae,3.5,26,44,0.590909091,1.181818182,demersal,,Not assessed,CHIN,3,2015,2019,Chan et al. 2019,FTIR,lab blank,yes,0.02,2,4,4,1,3,2,3,19,
Diaphus anderseni,Andersen's Lantern Fish,Myctophiformes,Myctophidae,3.1,2,13,0.153846154,0.1538,mesopelagic,,LC,NPTG,2,2009,2011,Davison and Asch 2011,none,vaguely mentioned,yes,0.007,2,2,4,2,4,4,1,19,
Cynoglossus abbreviatus,Three-lined tounge sole,Pleuronectiformes,Cynoglossidae,3.5,18,18,1,6.9,demersal,,Not assessed,CHIN,3,2015,2017,Jabeen et al. 2017,FTIR,lab blank,yes,0.005,2,4,4,1,3,2,3,19,
Harpadon nehereus,Bombay duck,Aulopiformes,Synodontidae,4.2,18,18,1,3.8,benthopelagic,,Not assessed,CHIN,3,2015,2017,Jabeen et al. 2017,FTIR,lab blank,yes,0.005,3,3,4,1,3,2,3,19,Are these eaten whole? Should check
Hyporhamphus intermedius,Asian pencil halfbeak,Beloniformes,Hemiramphidae,3.4,18,18,1,3.7,pelagic-neritic,,Not assessed,CHIN,3,2015,2017,Jabeen et al. 2017,FTIR,lab blank,yes,0.005,2,4,4,1,3,2,3,19,Are these eaten whole? Should check
Lateolabrax japonicus,Japanese seabass,Perciformes,Lateolabracidae,3.1,18,18,1,2.1,reef-associated,,Not assessed,CHIN,3,2015,2017,Jabeen et al. 2017,FTIR,lab blank,yes,0.005,2,4,4,1,3,2,3,19,
Oxyeleotris marmorata,Marble goby,Perciformes,Eleotridae,3.9,18,18,1,4.2,demersal,,LC,CHIN,3,2015,2017,Jabeen et al. 2017,FTIR,lab blank,yes,0.005,2,4,4,1,3,2,3,19,
Pampus cinereus,Silver pomfret,Perciformes,Stromateidae,3.3,18,18,1,3,benthopelagic,,Not assessed,CHIN,3,2015,2017,Jabeen et al. 2017,FTIR,lab blank,yes,0.005,2,4,4,1,3,2,3,19,
Planiliza haematocheilus,So-iuy mullet,Mugiliformes,Mugilidae,2.5,18,18,1,3.3,pelagic-neritic,,Not assessed,CHIN,3,2015,2017,Jabeen et al. 2017,FTIR,lab blank,yes,0.005,2,4,4,1,3,2,3,19,
Psenopsis anomala,Pacific rudderfish,Perciformes,Centrolophidae,4,18,18,1,1.1,benthopelagic,,LC,CHIN,3,2015,2017,Jabeen et al. 2017,FTIR,lab blank,yes,0.005,3,3,4,1,3,2,3,19,
Sebastiscus marmoratus,False kelpfish,Scorpaeniformes,Sebastidae,3.7,18,18,1,4.2,demersal,,Not assessed,CHIN,3,2015,2017,Jabeen et al. 2017,FTIR,lab blank,yes,0.005,2,4,4,1,3,2,3,19,
Sillago sihama,Silver sillago,Perciformes,Sillaginidae,3.3,18,18,1,2.8,reef-associated,,LC,CHIN,3,2015,2017,Jabeen et al. 2017,FTIR,lab blank,yes,0.005,2,4,4,1,3,2,3,19,
Harpadon nehereus,Bombay duck,Aulopiformes,Synodontidae,4.2,15,18,0.833333333,2.5,benthopelagic,,Not assessed,CHIN,3,2017,2019,Su et al. 2019,FTIR,lab blank,yes,0.02,3,3,4,1,3,2,3,19,Are these eaten whole? Should check
Pampus cinereus,Silver pomfret,Perciformes,Stromateidae,3.3,5,9,0.555555556,1.1,benthopelagic,,Not assessed,CHIN,3,2017,2019,Su et al. 2019,FTIR,lab blank,yes,0.02,2,4,4,1,3,2,3,19,
Planiliza haematocheilus,So-iuy mullet,Mugiliformes,Mugilidae,2.5,9,17,0.529411765,1.264705882,pelagic-neritic,,Not assessed,CHIN,3,2017,2019,Su et al. 2019,FTIR,lab blank,yes,0.02,2,4,4,1,3,2,3,19,
Engraulis japonicus,Japanese anchovy,Clupeiformes,Engraulidae,3.1,49,64,0.765625,1.76,pelagic-neritic,,LC,KURO,3,2015,2016,Tanaka and Takada 2016,FTIR,lab blank,yes,0.2,4,4,4,1,2,4,,19,
Myctophum aurolaternatum,Golden lanternfish,Myctophiformes,Myctophidae,3.5,0,3,0,0,bathypelagic,,Not assessed,NPTG,1,Feb. -April 2007,2013,Van Noord 2013,none,NA,NA,NA,4,3,4,1,4,2,1,19,
Symbolophorus evermanni,Evermann's lanternfish,Myctophiformes,Myctophidae,3.5,1,14,0.071428571,NA,bathypelagic,,Not assessed,NPTG,1,Feb. -April 2007,2013,Van Noord 2013,none,NA,NA,NA,2,2,4,4,4,2,1,19,
Harpadon nehereus,Bombay duck,Aulopiformes,Synodontidae,4.2,NA,30,NA,0.5,benthopelagic,,Not assessed,CHIN,3,September of 2017,2019,Zhang et al. 2019,FTIR,lab blank,yes,0.0016,3,3,4,1,3,2,3,19,Are these eaten whole? Should check
Sebastiscus marmoratus,False kelpfish,Scorpaeniformes,Sebastidae,3.7,3,3,1,3.5,demersal,,Not assessed,CHIN,3,18-Jan,2019,Zhang et al. 2019,FTIR,lab blank,yes,0.0016,2,4,4,1,3,2,3,19,
Anchoviella commersonii,Commerson's anchovy,Clupeiformes,Engraulidae,3.1,10,30,0.33,0.4,pelagic-neritic,,LC,CHIN,3,Summer 2016,2019,Zhao et al. 2019,FTIR,lab blank,yes,0.00045,2,3,4,1,3,2,4,19,
Engraulis japonicus,Japanese anchovy,Clupeiformes,Engraulidae,3.1,92,280,0.33,0.39,pelagic-neritic,,LC,CHIN,3,Summer 2016,2019,Zhao et al. 2019,FTIR,lab blank,yes,0.00045,4,4,4,1,2,4,,19,
Gadus macrocephalus,Pacific cod,Gadiformes,Gadidae,4.2,16,40,0.4,0.43,demersal,,Not assessed,CHIN,3,Summer 2016,2019,Zhao et al. 2019,FTIR,lab blank,yes,0.00045,2,3,4,2,3,2,3,19,
Pholis fangi,NA,Perciformes,Pholidae,3.2,27,79,0.38,0.48,demersal,,Not assessed,CHIN,3,Summer 2016,2019,Zhao et al. 2019,FTIR,lab blank,yes,0.00045,3,3,4,1,3,2,3,19,
Psenopsis anomala,Pacific rudderfish,Perciformes,Centrolophidae,4,2,10,0.2,0.2,benthopelagic,,LC,CHIN,3,Summer 2016,2019,Zhao et al. 2019,FTIR,lab blank,yes,0.00045,3,3,4,1,3,2,3,19,
Zoarces elongatus,Eastern viviparous blenny,Perciformes,Zoarcidae,3.2,182,280,0.65,0.8,demersal,,Not assessed,CHIN,3,Summer 2016,2019,Zhao et al. 2019,FTIR,lab blank,yes,0.00045,4,4,4,1,3,2,1,19,
Pseudosciaena polyactis,Yellow croaker,Perciformes,Sciaenidae,3.7,10,10,1,2.4,benthopelagic,,Not assessed,CHIN,3,2017,2019,Ding et al. 2019a,FTIR,lab blank,yes,7.00E-04,2,4,4,1,3,2,3,19,
Pleuronichthys cornutus,Ridged-eye flounder,Pleuronectiformes,Pleuronectidae,3.2,9,10,0.9,3.9,demersal,,Not assessed,CHIN,3,2017,2019,Ding et al. 2019a,FTIR,lab blank,yes,7.00E-04,2,4,4,1,3,2,3,19,
Sebastes schlegeli,Korean rockfish,Scorpaeniformes,Sebastidae,3.8,9,10,0.9,2.3,demersal,,Not assessed,CHIN,3,2017,2019,Ding et al. 2019a,FTIR,lab blank,yes,7.00E-04,2,4,4,1,3,2,3,19,
Planiliza haematocheilus,So-iuy mullet,Mugiliformes,Mugilidae,2.5,9,10,0.9,3.7,pelagic-neritic,,Not assessed,CHIN,3,2017,2019,Ding et al. 2019a,FTIR,lab blank,yes,7.00E-04,2,4,4,1,3,2,3,19,
Sillago sihama ,Silver sillago,Perciformes,Sillaginidae,3.3,NA,5,NA,NA,reef-associated,,LC,CHIN,3,,2020,Huang et al. 2020,FTIR,lab blank,yes,0.02,2,4,4,1,3,2,3,19,
Solea ovata,Ovate sole,Pleuronectiformes,Soleidae,3.5,1,1,1,NA,demersal,,Not assessed,CHIN,3,,2020,Huang et al. 2020,FTIR,lab blank,yes,0.02,2,4,4,1,3,2,3,19,
Psenopsis anomala,Pacific rudderfish,Perciformes,Centrolophidae,4,NA,51,NA,0.098,benthopelagic,,LC,CHIN,3,,2020,Koongolla et al. 2020,FTIR,lab blank,yes,0.02,3,3,4,1,3,2,3,19,
Harpadon nehereus,Bombay-duck,Aulopiformes,Synodontidae,4.2,2,10,0.2,0.3,benthopelagic,,Not assessed,CHIN,3,,2020,Lin et al. 2020,FTIR,lab blank,yes,0.02,3,3,4,1,3,2,3,19,Are these eaten whole? Should check
Acanthogobius flavimanus,Yellowfin goby,Perciformes,Gobiidae,3.4,12,18,0.666666667,0.11,demersal,commercial,LC,CHIN,3,,2020,Lin et al. 2020,FTIR,lab blank,yes,0.02,2,4,4,1,3,2,3,19,
Polydactylus sexfilis,Sixfinger threadfin,Perciformes,Sciaenidae,3.4,9,15,0.6,0.2,reef-associated,commercial,Not assessed,CHIN,3,,2020,Lin et al. 2020,FTIR,lab blank,yes,0.02,2,4,4,1,3,2,3,19,
Sillago sihama ,Silver sillago ,Perciformes,Sillaginidae,3.3,8,17,0.470588235,0.36,reef-associated,,LC,CHIN,3,,2020,Lin et al. 2020,FTIR,lab blank,yes,0.02,2,4,4,1,3,2,3,19,
Sebastiscus marmoratus,False kelpfish,Scorpaeniformes,Sebastidae,3.7,3,3,1,3.3,demersal,commercial,Not assessed,CHIN,3,,2020,Zhang et al. 2020b,FTIR,lab blank,yes,0.0045,2,4,4,1,3,2,3,19,
Inegocia japonica,Flathead,Scorpaeniformes,Platycephalidae,3.7,26,55,0.472727273,1.509090909,demersal,,LC,CHIN,3,2015,2019,Chan et al. 2019,FTIR,lab blank,yes,0.02,3,3,4,1,3,2,2,18,
Myctophum nitidulum,Pearly lanternfish,Myctophiformes,Myctophidae,3.4,4,25,0.16,0.24,mesopelagic,,LC,NPTG,2,2009,2011,Davison and Asch 2011,none,vaguely mentioned,yes,0.007,2,2,4,3,4,2,1,18,
Branchiostegus japonicus,Horsehead tilefish,Perciformes,Malacanthidae,3.4,18,18,1,4.6,demersal,,LC,CHIN,3,2015,2017,Jabeen et al. 2017,FTIR,lab blank,yes,0.005,2,3,4,1,3,2,3,18,
Terapon jarbua,Jarbua terapon,Perciformes,Terapontidae,3.9,18,18,1,3,demersal,,LC,CHIN,3,2015,2017,Jabeen et al. 2017,FTIR,lab blank,yes,0.005,2,4,4,1,3,2,2,18,
Boleophthalmus pectinirostris,Great blue spotted mudskipper,Perciformes,Gobiidae,2,9,9,1,5.3,demersal,,Not assessed,CHIN,3,2017,2019,Su et al. 2019,FTIR,lab blank,yes,0.02,2,4,4,1,3,2,2,18,
Myctophum lychnobium,NA,Myctophiformes,Myctophidae,3.2,7,17,0.411764706,NA,bathypelagic,,LC,NPTG,1,Feb. -April 2007,2013,Van Noord 2013,none,NA,NA,NA,2,3,4,2,4,2,1,18,
Myctophum nitidulum,Pearly lanternfish,Myctophiformes,Myctophidae,3.4,0,1,0,0,bathypelagic,,LC,NPTG,1,Feb. -April 2007,2013,Van Noord 2013,none,NA,NA,NA,2,2,4,3,4,2,1,18,
Cleisthenes herzensteini,Pointhead flouder,Pleuronectiformes,Pleuronectidae,3.4,12,36,0.33,0.44,demersal,,Not assessed,CHIN,3,Summer 2016,2019,Zhao et al. 2019,FTIR,lab blank,yes,0.00045,2,3,4,1,3,2,3,18,
Erisphex pottii,NA,Scorpaeniformes,Aploactinidae,4.1,34,120,0.28,0.32,demersal,,Not assessed,CHIN,3,Summer 2016,2019,Zhao et al. 2019,FTIR,lab blank,yes,0.00045,4,3,4,1,3,2,1,18,
Hexagrammos otakii,Fat greenling,Scorpaeniformes,Hexagrammidae,3.8,13,40,0.33,0.38,demersal,,Not assessed,CHIN,3,Summer 2016,2019,Zhao et al. 2019,FTIR,lab blank,yes,0.00045,2,3,4,1,3,2,3,18,
Larimichthys polyactis,yellow croaker,Perciformes,Sciaenidae,3.7,11,30,0.37,0.97,benthopelagic,,Not assessed,CHIN,3,Summer 2016,2019,Zhao et al. 2019,FTIR,lab blank,yes,0.00045,2,3,4,1,3,2,3,18,
Liparis tanakae,Tanaka's snailfish,Scorpaeniformes,Liparidae,4.3,78,245,0.32,0.36,demersal,,Not assessed,CHIN,3,Summer 2016,2019,Zhao et al. 2019,FTIR,lab blank,yes,0.00045,4,3,4,1,3,2,1,18,
Pampus argenteus,Silver pomfret,Perciformes,Stromateidae,3.3,2,10,0.2,0.2,benthopelagic,,Not assessed,CHIN,3,Summer 2016,2019,Zhao et al. 2019,FTIR,lab blank,yes,0.00045,2,3,4,1,3,2,3,18,
Konosirus punctatus,Dotted gizzard shad,Clupeiformes,Clupeidae,2.9,NA,5,NA,NA,pelagic-neritic,minor commercial,LC,CHIN,3,,2020,Huang et al. 2020,FTIR,lab blank,yes,0.02,2,3,4,1,3,2,3,18,
Terapon jarbua,Jarbua terapon,Perciformes,Terapontidae,3.9,NA,5,NA,NA,demersal,,LC,CHIN,3,,2020,Huang et al. 2020,FTIR,lab blank,yes,0.02,2,4,4,1,3,2,2,18,
Konosirus punctatus,Dotted gizzard shad,Clupeiformes,Clupeidae,2.9,9,15,0.6,0.67,pelagic-neritic,minor commercial,LC,CHIN,3,,2020,Lin et al. 2020,FTIR,lab blank,yes,0.02,2,3,4,1,3,2,3,18,
Boleophthalmus pectinirostris,Great blue spotted mudskipper,Perciformes,Gobiidae,2,9,18,0.5,0.06,demersal,,Not assessed,CHIN,3,,2020,Lin et al. 2020,FTIR,lab blank,yes,0.02,2,4,4,1,3,2,2,18,
Branchiostegus auratus,Yellow horsehead,Perciformes,Latilidae,3.5,4,15,0.266666667,0.26,demersal,commercial,Not assessed,CHIN,3,,2020,Lin et al. 2020,FTIR,lab blank,yes,0.02,2,3,4,1,3,2,3,18,
Branchiostegus japonicus,Horsehead tilefish ,Perciformes,Latilidae,3.4,6,15,0.4,0.27,demersal,commercial,LC,CHIN,3,,2020,Lin et al. 2020,FTIR,lab blank,yes,0.02,2,3,4,1,3,2,3,18,
Pampus argenteus,Silver pomfret,Perciformes,Stromateidae,3.3,7,10,0.7,0.4,benthopelagic,,Not assessed,CHIN,3,,2020,Lin et al. 2020,FTIR,lab blank,yes,0.02,2,3,4,1,3,2,3,18,
Pseudosciaena crocea,Large yellow croaker,Perciformes,Sciaenidae,3.7,7,15,0.466666667,0.74,benthopelagic,highly commerical,CR,CHIN,3,,2020,Lin et al. 2020,FTIR,lab blank,yes,0.02,2,3,4,1,3,2,3,18,
Siganus fuscescens,Mottled spinefoot,Perciformes,Siganidae,2,10,18,0.555555556,0.17,reef-associated,commercial,LC,CHIN,3,,2020,Lin et al. 2020,FTIR,lab blank,yes,0.02,2,3,4,1,3,2,3,18,
Inegocia japonica,Japanese flathead ,Scorpaeniformes ,Platycephalidae,3.7,3,6,0.5,0.5,demersal,minor commercial,LC,CHIN,3,,2020,Lin et al. 2020,FTIR,lab blank,yes,0.02,3,3,4,1,3,2,2,18,
Konosirus punctatus,Dotted gizzard shad ,Clupeiformes,Clupeidae,2.9,9,10,0.9,2.1,pelagic-neritic,minor commercial,LC,CHIN,3,,2020,Wu et al. 2020,FTIR,lab blank,yes,0.0007,2,3,4,1,3,2,3,18,
Konosirus punctatus,Dotted gizzard shad,Clupeiformes,Clupeidae,2.9,NA,7,NA,4.4,pelagic-neritic,minor commercial,LC,CHIN,3,,2020,Zhang et al. 2020a,FTIR,not described,yes,0.0045,2,3,4,1,3,2,3,18,
Siganus fuscescens,Mottled spinefoot,Perciformes,Siganidae,2,NA,18,NA,6.7,reef-associated,commercial,LC,CHIN,3,,2020,Zhang et al. 2020a,FTIR,not described,yes,0.0045,2,3,4,1,3,2,3,18,
Repomucenus richardsonii,Dragonet,Perciformes,Callionymidae,3.2,7,13,0.538461538,1,demersal,,Not assessed,CHIN,3,2015,2019,Chan et al. 2019,FTIR,lab blank,yes,0.02,2,4,4,1,3,2,1,17,
Collichthys lucidus,Light maigre,Perciformes,Sciaenidae,3.6,NA,17,NA,4.058823529,demersal,,Not assessed,CHIN,3,Spring 2018,2019,Feng et al. 2019,FTIR,lab blank,yes,0.01,3,3,4,1,3,2,1,17,
Seriola lalandi,Yellowtail amberjack,Perciformes,Carangidae,4.2,2,19,0.105263158,0.1053,benthopelagic,,LC,NPPF,2,2009,2013,Gassel et al. 2013,none,not described,yes,NA,2,2,4,2,3,2,2,17,
Collichthys lucidus,Light maigre,Perciformes,Sciaenidae,3.6,18,18,1,6.2,demersal,,Not assessed,CHIN,3,2015,2017,Jabeen et al. 2017,FTIR,lab blank,yes,0.005,3,3,4,1,3,2,1,17,
Repomucenus planus,Japanese darter dragonet,Perciformes,Callionymidae,3.2,18,18,1,4.8,demersal,,Not assessed,CHIN,3,2015,2017,Jabeen et al. 2017,FTIR,lab blank,yes,0.005,2,4,4,1,3,2,1,17,
Thamnaconus septentrionalis,NA,Tetraodontiformes,Monacanthidae,3.4,18,18,1,7.2,demersal,,Not assessed,CHIN,3,2015,2017,Jabeen et al. 2017,FTIR,lab blank,yes,0.005,2,4,4,1,3,2,1,17,
Ophiodon elongatus,Lingcod,Scorpaeniformes,Hexagrammidae,4.3,1,11,0.090909091,0.1,demersal,,Not assessed,CCAL,3,2014,2015,Rochman et al. 2015,none,lab blank,yes,0.5,2,2,4,1,3,2,3,17,
Sebastes mystinus,Blue Rockfish,Scorpaeniformes,Sebastidae,2.7,2,10,0.2,0.2,reef-associated,,Not assessed,CCAL,3,2014,2015,Rochman et al. 2015,none,lab blank,yes,0.5,2,2,4,1,3,2,3,17,
Coilia mystus,Osbeck's grenadier anchovy,Clupeiformes,Engraulidae,3.2,2,9,0.222222222,0.3,pelagic-neritic,,EN,CHIN,3,2017,2019,Su et al. 2019,FTIR,lab blank,yes,0.02,2,3,4,1,3,2,2,17,
Collichthys lucidus,Light maigre,Perciformes,Sciaenidae,3.6,12,26,0.461538462,1.261538462,demersal,,Not assessed,CHIN,3,2017,2019,Su et al. 2019,FTIR,lab blank,yes,0.02,3,3,4,1,3,2,1,17,
Cynoglossus robustus,NA,Pleuronectiformes,Cynoglossidae,3.6,4,9,0.444444444,0.7,demersal,,Not assessed,CHIN,3,2017,2019,Su et al. 2019,FTIR,lab blank,yes,0.02,2,2,4,1,3,2,3,17,
Thamnaconus septentrionalis,NA,Tetraodontiformes,Monacanthidae,3.4,3,9,0.333333333,0.7,demersal,,Not assessed,CHIN,3,2017,2019,Su et al. 2019,FTIR,lab blank,yes,0.02,2,4,4,1,3,2,1,17,
Collichthys lucidus,Light maigre,Perciformes,Sciaenidae,3.6,3,3,1,6.5,demersal,,Not assessed,CHIN,3,18-Jan,2019,Zhang et al. 2019,FTIR,lab blank,yes,0.0016,3,3,4,1,3,2,1,17,
Collichthys lucidus,Light maigre,Perciformes,Sciaenidae,3.6,NA,5,NA,1.2,demersal,,Not assessed,CHIN,3,September of 2017,2019,Zhang et al. 2019,FTIR,lab blank,yes,0.0016,3,3,4,1,3,2,1,17,
Cynoglossus robustus,NA,Pleuronectiformes,Cynoglossidae,3.6,NA,30,NA,0.35,demersal,,Not assessed,CHIN,3,September of 2017,2019,Zhang et al. 2019,FTIR,lab blank,yes,0.0016,2,2,4,1,3,2,3,17,
Pennahia macrocephalus,Big-head pennah croaker,Perciformes,Sciaenidae,4.1,0,1,0,0,demersal,,Not assessed,CHIN,3,September of 2017,2019,Zhang et al. 2019,FTIR,lab blank,yes,0.0016,2,2,4,1,3,2,3,17,
Setipinna taty,Scaly hairfin anchovy,Clupeiformes,Engraulidae,3.6,3,3,1,2.3,pelagic-neritic,,LC,CHIN,3,18-Jan,2019,Zhang et al. 2019,FTIR,lab blank,yes,0.0016,2,3,4,1,3,2,2,17,
Lophius litulon,Yellow goosefish,Lophiiformes,Lophiidae,4.1,5,20,0.25,0.25,bathydemersal,,Not assessed,CHIN,3,Summer 2016,2019,Zhao et al. 2019,FTIR,lab blank,yes,0.00045,2,2,4,1,3,2,3,17,
Setipinna taty,Scaly hairfin anchovy,Clupeiformes,Engraulidae,3.6,6,20,0.3,0.35,pelagic-neritic,,LC,CHIN,3,Summer 2016,2019,Zhao et al. 2019,FTIR,lab blank,yes,0.00045,2,3,4,1,3,2,2,17,
Platycephalus indicus,Bartail flathead,Scorpaeniformes ,Platycephalidae,3.6,NA,9,NA,NA,reef-associated,commercial,DD,CHIN,3,,2020,Huang et al. 2020,FTIR,lab blank,yes,0.02,2,2,4,1,3,2,3,17,
Nemipterus virgatus,Golden threadfin bream,Perciformes,Nemipteridae,4,1,14,0.071428571,0.071,demersal,commercial,VU,CHIN,3,,2020,Koongolla et al. 2020,FTIR,lab blank,yes,0.02,2,2,4,1,3,2,3,17,
Pennahia macrocephalus,Big-head pennah croaker,Perciformes,Sciaenidae,4.1,1,18,0.055555556,0.055,demersal,highly commerical,LC,CHIN,3,,2020,Koongolla et al. 2020,FTIR,lab blank,yes,0.02,2,2,4,1,3,2,3,17,
Coilia mystus,Osbeck's grenadier anchovy,Clupeiformes,Engraulidae,3.2,6,18,0.333333333,0.28,pelagic-neritic,,EN,CHIN,3,,2020,Lin et al. 2020,FTIR,lab blank,yes,0.02,2,3,4,1,3,2,2,17,
Bostrychus sinensis,Four-eyed sleeper,Perciformes,Butidae,4,2,13,0.153846154,0.15,demersal,commercial,LC,CHIN,3,,2020,Lin et al. 2020,FTIR,lab blank,yes,0.02,2,2,4,1,3,2,3,17,
Collichthys lucidus,Big head croaker,Perciformes,Sciaenidae,3.6,7,18,0.388888889,0.17,demersal,none,LC,CHIN,3,,2020,Lin et al. 2020,FTIR,lab blank,yes,0.02,3,3,4,1,3,2,1,17,
Johnius belengerii,Belanger's croaker ,Perciformes,Sciaenidae,3.3,5,14,0.357142857,0.21,demersal,minor commercial,LC,CHIN,3,,2020,Lin et al. 2020,FTIR,lab blank,yes,0.02,2,3,4,1,3,2,2,17,
Leiognathus ruconius,Deep pugnose ponyfish ,Perciformes,Leiognathidae,2.7,4,18,0.222222222,0.22,demersal,minor commercial,Not assessed,CHIN,3,,2020,Lin et al. 2020,FTIR,lab blank,yes,0.02,2,2,4,1,3,2,3,17,
Nemipterus virgatus,Golden threadfin bream,Perciformes,Nemipteridae,4,6,16,0.375,0.69,demersal,commercial,VU,CHIN,3,,2020,Lin et al. 2020,FTIR,lab blank,yes,0.02,2,2,4,1,3,2,3,17,
Platycephalus indicus,Bartail flathead,Scorpaeniformes ,Platycephalidae,3.6,1,5,0.2,0.2,demersal,commercial,DD,CHIN,3,,2020,Lin et al. 2020,FTIR,lab blank,yes,0.02,2,2,4,1,3,2,3,17,
Collichthys lucidus,Light maigre,Perciformes,Sciaenidae,3.6,3,3,1,5.6,demersal,none,Not assessed,CHIN,3,,2020,Zhang et al. 2020b,FTIR,lab blank,yes,0.0045,3,3,4,1,3,2,1,17,
Setipinna taty,Scaly hairfin anchovy,Clupeiformes,Engraulidae,3.6,3,3,1,2.3,pelagic-neritic,minor commercial,LC,CHIN,3,,2020,Zhang et al. 2020b,FTIR,lab blank,yes,0.0045,2,3,4,1,3,2,2,17,
Acanthogobius hasta,Asian freshwater goby,Perciformes,Gobiidae,3.6,18,18,1,5.3,demersal,,Not assessed,CHIN,3,2015,2017,Jabeen et al. 2017,FTIR,lab blank,yes,0.005,2,4,4,1,3,2,,16,
Eupleurogrammus muticus,Smallhead hairtail,Perciformes,Trichiuridae,4.1,5,15,0.33,0.33,benthopelagic,,Not assessed,CHIN,3,Summer 2016,2019,Zhao et al. 2019,FTIR,lab blank,yes,0.00045,2,3,4,1,3,2,1,16,
Jaydia lineata,Indian perch,Perciformes,Apogonidae,3.7,7,20,0.35,0.4,demersal,,Not assessed,CHIN,3,Summer 2016,2019,Zhao et al. 2019,FTIR,lab blank,yes,0.00045,2,3,4,1,3,2,1,16,
Upeneus sulphureus,Sulphur goatfish,Perciformes,Mullidae,3.1,1,37,0.027027027,0.027,demersal,minor commercial,LC,CHIN,3,,2020,Koongolla et al. 2020,FTIR,lab blank,yes,0.02,2,2,4,1,3,2,2,16,
Taenioides anguillaris,Eel worm goby,Perciformes,Gobiidae,4,5,18,0.277777778,0.11,demersal,none,Not assessed,CHIN,3,,2020,Lin et al. 2020,FTIR,lab blank,yes,0.02,2,3,4,1,3,2,1,16,
Muraenesox cinereus,Daggertooth pike conger,Anguilliformes,Muraenesocidae,4.4,18,18,1,2.4,demersal,,Not assessed,CHIN,3,2015,2017,Jabeen et al. 2017,FTIR,lab blank,yes,0.005,3,3,,1,3,2,3,15,
Synechogobius ommaturus,Asian freshwater goby,Perciformes,Gobiidae,3.6,17,17,1,3.7,demersal,,Not assessed,CHIN,3,2017,2019,Su et al. 2019,FTIR,lab blank,yes,0.02,2,2,4,1,3,2,1,15,
Muraenesox cinereus,Daggertooth pike conger,Anguilliformes,Muraenesocidae,4.4,NA,30,NA,0.77,demersal,,Not assessed,CHIN,3,September of 2017,2019,Zhang et al. 2019,FTIR,lab blank,yes,0.0016,3,3,,1,3,2,3,15,
Muraenesox cinereus,Daggertooth pike conger,Anguilliformes,Muraenesocidae,4.4,3,3,1,7,demersal,,Not assessed,CHIN,3,18-Jan,2019,Zhang et al. 2019,FTIR,lab blank,yes,0.0016,3,3,,1,3,2,3,15,
Muraenesox cinereus ,Daggertooth pike conger,Anguilliformes,Muraenesocidae,4.4,1,1,1,NA,demersal,highly commerical,Not assessed,CHIN,3,,2020,Huang et al. 2020,FTIR,lab blank,yes,0.02,3,3,,1,3,2,3,15,
Muraenesox cinereus,Daggertooth pike conger ,Anguilliformes,Muraenesocidae,4.4,4,9,0.444444444,0.66,demersal,,Not assessed,CHIN,3,,2020,Lin et al. 2020,FTIR,lab blank,yes,0.02,3,3,,1,3,2,3,15,
Muraenesox cinereus,Daggertooth pike conger,Anguilliformes,Muraenesocidae,4.4,3,3,1,7,demersal,commercial,DD,CHIN,3,,2020,Zhang et al. 2020b,FTIR,lab blank,yes,0.0045,3,3,,1,3,2,3,15,
Lepidocybium flavobrunneum,Smith's escolar,Perciformes,Gempylidae,4.3,0,45,0,NA,benthopelagic,,LC,NPTG,1,2007-2012,2013,Choy and Drazen 2013,none,NA,NA,NA,2,1,NA,NA,NA,NA,NA,3,
Thunnus albacares,Yellowfin tuna,Perciformes,Scombridae,4.4,0,26,0,NA,pelagic-oceanic,,NT,NPTG,1,2007-2012,2013,Choy and Drazen 2013,none,NA,NA,NA,2,1,NA,NA,NA,NA,NA,3,
Nannobrachium hawaiiensis,NA,Myctophiformes,Myctophidae,3.1,0,17,0,0,mesopelagic,,Not assessed,NPTG,2,2009,2011,Davison and Asch 2011,none,vaguely mentioned,yes,0.007,2,1,NA,NA,NA,NA,NA,3,
Amblychaeturichthys hexanema,Pinkgray goby,Perciformes,Gobiidae,3.4,NA,23,NA,3,demersal,,Not assessed,CHIN,3,Spring 2018,2019,Feng et al. 2019,FTIR,lab blank,yes,0.01,2,1,NA,NA,NA,NA,NA,3,
Chaeturichthys stigmatias,Branded goby,Perciformes,Gobiidae,3.8,NA,16,NA,3.4375,demersal,,Not assessed,CHIN,3,Spring 2018,2019,Feng et al. 2019,FTIR,lab blank,yes,0.01,2,1,NA,NA,NA,NA,NA,3,
Cynoglossus semilaevis,Tongue sole,Pleuronectiformes,Cynoglossidae,3.7,NA,26,NA,4.5,demersal,,Not assessed,CHIN,3,Spring 2018,2019,Feng et al. 2019,FTIR,lab blank,yes,0.01,2,1,NA,NA,NA,NA,NA,3,
Odontamblyopus rubicundus,NA,Perciformes,Gobiidae,3.9,NA,23,NA,3.652173913,benthopelagic,,Not assessed,CHIN,3,Spring 2018,2019,Feng et al. 2019,FTIR,lab blank,yes,0.01,2,1,NA,NA,NA,NA,NA,3,
Thryssa kammalensis,Kammal thryssa,Clupeiformes,Engraulidae,3.4,NA,19,NA,6.315789474,pelagic-neritic,,DD,CHIN,3,Spring 2018,2019,Feng et al. 2019,FTIR,lab blank,yes,0.01,2,1,NA,NA,NA,NA,NA,3,
Chrysochir aureus,Reeve's croaker,Perciformes,Sciaenidae,3.5,NA,30,NA,0.35,benthopelagic,,Not assessed,CHIN,3,September of 2017,2019,Zhang et al. 2019,FTIR,lab blank,yes,0.0016,2,1,NA,NA,NA,NA,NA,3,
Alepes melanoptera,Blackfin scad,Perciformes,Carangidae,3.4,NA,3,NA,NA,pelagic-neritic,minor commercial,LC,CHIN,3,,2020,Huang et al. 2020,FTIR,lab blank,yes,0.02,2,1,NA,NA,NA,NA,NA,3,
Leiognathus brevirostris ,Shortnose ponyfish,Perciformes,Leiognathidae,3,NA,8,NA,NA,demersal,commercial,Not assessed,CHIN,3,,2020,Huang et al. 2020,FTIR,lab blank,yes,0.02,2,1,NA,NA,NA,NA,NA,3,
Odontamblyopus rubicundus,Rubicundus eelgoby,Perciformes,Gobiidae,3.9,NA,5,NA,NA,benthopelagic,minor commercial,Not assessed,CHIN,3,,2020,Huang et al. 2020,FTIR,lab blank,yes,0.02,2,1,NA,NA,NA,NA,NA,3,
Thunnus albacares,Yellowfin tuna,Perciformes,Scombridae,4.4,0,10,0,0,pelagic-oceanic,,NT,NPTG,3,,2020,Hyrenbach et al. 2020,FTIR,not described,not described,0.25,2,1,NA,NA,NA,NA,NA,3,
Saurida tumbil,Greater lizardfish,Aulopiformes,Synodontidae,4.4,NA,36,NA,0.111,reef-associated,commercial,LC,CHIN,3,,2020,Koongolla et al. 2020,FTIR,lab blank,yes,0.02,2,1,NA,NA,NA,NA,NA,3,
Trachinocephalus myops,Snakefish,Aulopiformes,Synodontidae,4.4,NA,14,NA,0.214,reef-associated,minor commercial,LC,CHIN,3,,2020,Koongolla et al. 2020,FTIR,lab blank,yes,0.02,2,1,NA,NA,NA,NA,NA,3,
Sirembo imberbis,Golden cusk,Ophidiiformes,Ophidiiade,3.6,0,21,0,0,demersal,minor commercial,LC,CHIN,3,,2020,Koongolla et al. 2020,FTIR,lab blank,yes,0.02,2,1,NA,NA,NA,NA,NA,3,
Acropoma japonicum,Glowbelly,Perciformes,Acropomatidae,3.3,0,18,0,0,bathypelagic,commercial,Not assessed,CHIN,3,,2020,Koongolla et al. 2020,FTIR,lab blank,yes,0.02,2,1,NA,NA,NA,NA,NA,3,
Alepes melanoptera,Blackfin scad,Perciformes,Carangidae,3.4,NA,16,NA,0.125,pelagic-neritic,minor commercial,LC,CHIN,3,,2020,Koongolla et al. 2020,FTIR,lab blank,yes,0.02,2,1,NA,NA,NA,NA,NA,3,
Apogon ellioti,Flag-in cardinal-fish,Perciformes,Apogonidae,3.6,0,34,0,0,reef-associated,none,Not assessed,CHIN,3,,2020,Koongolla et al. 2020,FTIR,lab blank,yes,0.02,2,1,NA,NA,NA,NA,NA,3,
Apogon quadrifasciatus,Broadbanded cardinalfish ,Perciformes,Apogonidae,3.6,0,18,0,0,reef-associated,none,Not assessed,CHIN,3,,2020,Koongolla et al. 2020,FTIR,lab blank,yes,0.02,2,1,NA,NA,NA,NA,NA,3,
Branchiostegus argentatus,Horsehead tilefish,Perciformes,Latilidae,3.5,0,18,0,0,demersal,none,Not assessed,CHIN,3,,2020,Koongolla et al. 2020,FTIR,lab blank,yes,0.02,2,1,NA,NA,NA,NA,NA,3,
Carangoides chrysophrys,Longnose trevally,Perciformes,Carangidae,4.3,NA,12,NA,0.166,reef-associated,commercial,LC,CHIN,3,,2020,Koongolla et al. 2020,FTIR,lab blank,yes,0.02,2,1,NA,NA,NA,NA,NA,3,
Decapterus maruadsi,Japanese scad,Perciformes,Carangidae,3.4,NA,18,NA,0.222,reef-associated,highly commerical,LC,CHIN,3,,2020,Koongolla et al. 2020,FTIR,lab blank,yes,0.02,2,1,NA,NA,NA,NA,NA,3,
Ostorhinchus semilineatus,Half-lined cardinal,Perciformes,Apogonidae,3.5,0,13,0,0,reef-associated,subsistence,DD,CHIN,3,,2020,Koongolla et al. 2020,FTIR,lab blank,yes,0.02,2,1,NA,NA,NA,NA,NA,3,
Siganus canaliculatus,White-spotted spinefoot,Perciformes,Siganidae,2.8,NA,20,NA,0.55,reef-associated,commercial,LC,CHIN,3,,2020,Koongolla et al. 2020,FTIR,lab blank,yes,0.02,2,1,NA,NA,NA,NA,NA,3,
Trachurus japonicus,Japanese jack mackerel,Perciformes,Carangidae,3.4,0,18,0,0,pelagic-neritic,highly commerical,NT,CHIN,3,,2020,Koongolla et al. 2020,FTIR,lab blank,yes,0.02,2,1,NA,NA,NA,NA,NA,3,
Upeneus bensasi,Japanese goatfish,Perciformes,Mullidae,3.6,0,11,0,0,reef-associated,minor commercial,LC,CHIN,3,,2020,Koongolla et al. 2020,FTIR,lab blank,yes,0.02,2,1,NA,NA,NA,NA,NA,3,
Pseudorhombus oligodon,Roughscale flounder,Pleuronectiformes,Paralichthyidae,4.2,0,18,0,0,demersal,commercial,Not assessed,CHIN,3,,2020,Koongolla et al. 2020,FTIR,lab blank,yes,0.02,2,1,NA,NA,NA,NA,NA,3,
Lepidotrigla alata,Forksnout searobin,Scorpaeniformes ,Triglidae,3.5,NA,38,NA,0.105,demersal,none,Not assessed,CHIN,3,,2020,Koongolla et al. 2020,FTIR,lab blank,yes,0.02,2,1,NA,NA,NA,NA,NA,3,
Gastrophysus spadiceus,Half-smooth golden pufferfish,Tetraodontiformes,Tetradontidae,3.7,NA,14,NA,1,demersal,none,LC,CHIN,3,,2020,Koongolla et al. 2020,FTIR,lab blank,yes,0.02,2,1,NA,NA,NA,NA,NA,3,
Leiognathus brevirostris,Shortnose ponyfish,Perciformes,Leiognathidae,3,NA,9,NA,4.4,demersal,commercial,Not assessed,CHIN,3,,2020,Zhang et al. 2020a,FTIR,not described,yes,0.0045,2,1,NA,NA,NA,NA,NA,3,
Sillago japonica,Japanese sillago,Perciformes,Sillaginidae,3.5,NA,10,NA,6.9,demersal,commercial,LC,CHIN,3,,2020,Zhang et al. 2020a,FTIR,not described,yes,0.0045,2,1,NA,NA,NA,NA,NA,3,
Astronesthes indopacificus,Indo-Pacific snaggletooth,Stomiiformes,Stomiidae,4,2,7,0.285714286,1,bathypelagic,,LC,NPPF,2,2008,2010,Boerger et al. 2010,none,not described,not described,NA,1,NA,NA,NA,NA,NA,NA,1,
Evynnis cardinalis,Threadfin porgy,Perciformes,Sparidae,3.3,6,9,0.666666667,1.444444444,reef-associated,,EN,CHIN,3,2015,2019,Chan et al. 2019,FTIR,lab blank,yes,0.02,1,NA,NA,NA,NA,NA,NA,1,
Argyropelecus affinis,Pacific Hatchet Fish,Stomiiformes,Sternoptychidae,3.1,0,1,0,0,bathypelagic,,LC,NPTG,2,2009,2011,Davison and Asch 2011,none,vaguely mentioned,yes,0.007,1,NA,NA,NA,NA,NA,NA,1,
Argyropelecus hemigymnus,Half-naked hatchet fish,Stomiiformes,Sternoptychidae,3.1,0,3,0,0,bathypelagic,,LC,NPTG,2,2009,2011,Davison and Asch 2011,none,vaguely mentioned,yes,0.007,1,NA,NA,NA,NA,NA,NA,1,
Bolinichthys longipes,Popeye lampfish,Myctophiformes,Myctophidae,3.1,0,3,0,0,bathypelagic,,Not assessed,NPTG,2,2009,2011,Davison and Asch 2011,none,vaguely mentioned,yes,0.007,1,NA,NA,NA,NA,NA,NA,1,
Ceratoscopelus warmingii,Warming's Lantern Fish,Myctophiformes,Myctophidae,3.4,0,8,0,0,bathypelagic,,LC,NPTG,2,2009,2011,Davison and Asch 2011,none,vaguely mentioned,yes,0.007,1,NA,NA,NA,NA,NA,NA,1,
Cyclothone acclinidens,Bent-tooth Bristlemouth,Stomiiformes,Gonostomatidae,3.6,0,4,0,0,bathypelagic,,LC,NPTG,2,2009,2011,Davison and Asch 2011,none,vaguely mentioned,yes,0.007,1,NA,NA,NA,NA,NA,NA,1,
Cyclothone atraria,Deep-water bristlemouth,Stomiiformes,Gonostomatidae,3.1,0,3,0,0,bathypelagic,,Not assessed,NPTG,2,2009,2011,Davison and Asch 2011,none,vaguely mentioned,yes,0.007,1,NA,NA,NA,NA,NA,NA,1,
Cyclothone pallida,Tan Bristlemouth,Stomiiformes,Gonostomatidae,3.2,0,5,0,0,bathypelagic,,LC,NPTG,2,2009,2011,Davison and Asch 2011,none,vaguely mentioned,yes,0.007,1,NA,NA,NA,NA,NA,NA,1,
Cyclothone pseudopallida,Slender bristlemouth,Stomiiformes,Gonostomatidae,3.1,0,4,0,0,bathypelagic,,LC,NPTG,2,2009,2011,Davison and Asch 2011,none,vaguely mentioned,yes,0.007,1,NA,NA,NA,NA,NA,NA,1,
Danaphos oculatus,Bottlelights,Stomiiformes,Sternoptychidae,3,0,9,0,0,pelagic-oceanic,,Not assessed,NPTG,2,2009,2011,Davison and Asch 2011,none,vaguely mentioned,yes,0.007,1,NA,NA,NA,NA,NA,NA,1,
Diaphus fulgens,Kobito-hadaka (japanese),Myctophiformes,Myctophidae,3.1,2,7,0.285714286,0.2857,mesopelagic,,Not assessed,NPTG,2,2009,2011,Davison and Asch 2011,none,vaguely mentioned,yes,0.007,1,NA,NA,NA,NA,NA,NA,1,
Diaphus phillipsi,Bolin's Lantern Fish,Myctophiformes,Myctophidae,3.1,1,1,1,1,mesopelagic,,Not assessed,NPTG,2,2009,2011,Davison and Asch 2011,none,vaguely mentioned,yes,0.007,1,NA,NA,NA,NA,NA,NA,1,
Diogenichthys atlanticus,Longfin/Atlantic lanterfish,Myctophiformes,Myctophidae,3.1,0,5,0,0,mesopelagic,,LC,NPTG,2,2009,2011,Davison and Asch 2011,none,vaguely mentioned,yes,0.007,1,NA,NA,NA,NA,NA,NA,1,
Hygophum proximum,Firefly lanternfish,Myctophiformes,Myctophidae,3.2,0,2,0,0,mesopelagic,,LC,NPTG,2,2009,2011,Davison and Asch 2011,none,vaguely mentioned,yes,0.007,1,NA,NA,NA,NA,NA,NA,1,
Idiacanthus antrostomus,Pacific Blackdragon,Stomiiformes,Stomiidae,3.8,1,4,0.25,0.25,bathypelagic,,Not assessed,NPTG,2,2009,2011,Davison and Asch 2011,none,vaguely mentioned,yes,0.007,1,NA,NA,NA,NA,NA,NA,1,
Lampadena urophaos,Sunbeam Lampfish,Myctophiformes,Myctophidae,3.2,0,1,0,0,mesopelagic,,Not assessed,NPTG,2,2009,2011,Davison and Asch 2011,none,vaguely mentioned,yes,0.007,1,NA,NA,NA,NA,NA,NA,1,
Lobianchia gemellarii,Cocco's Lantern Fish,Myctophiformes,Myctophidae,3,1,3,0.333333333,0.3333,mesopelagic,,LC,NPTG,2,2009,2011,Davison and Asch 2011,none,vaguely mentioned,yes,0.007,1,NA,NA,NA,NA,NA,NA,1,
Nannobrachium fernae,NA,Myctophiformes,Myctophidae,3.2,0,1,0,0,mesopelagic,,Not assessed,NPTG,2,2009,2011,Davison and Asch 2011,none,vaguely mentioned,yes,0.007,1,NA,NA,NA,NA,NA,NA,1,
Nannobrachium regale,Pinpoint lampfish,Myctophiformes,Myctophidae,3.2,0,1,0,0,mesopelagic,,Not assessed,NPTG,2,2009,2011,Davison and Asch 2011,none,vaguely mentioned,yes,0.007,1,NA,NA,NA,NA,NA,NA,1,
Notolychnus valdiviae,Topside Lampfish,Myctophiformes,Myctophidae,3.1,0,3,0,0,mesopelagic,,LC,NPTG,2,2009,2011,Davison and Asch 2011,none,vaguely mentioned,yes,0.007,1,NA,NA,NA,NA,NA,NA,1,
Notoscopelus resplendens,Patchwork lampfish,Myctophiformes,Myctophidae,3,0,3,0,0,mesopelagic,,LC,NPTG,2,2009,2011,Davison and Asch 2011,none,vaguely mentioned,yes,0.007,1,NA,NA,NA,NA,NA,NA,1,
Sternoptyx diaphana,Diaphanous hatchet Fish,Stomiiformes,Sternoptychidae,3.4,1,4,0.25,0.25,mesopelagic,,LC,NPTG,2,2009,2011,Davison and Asch 2011,none,vaguely mentioned,yes,0.007,1,NA,NA,NA,NA,NA,NA,1,
Sternoptyx pseudobscura,Highlight Hatchetfish,Stomiiformes,Sternoptychidae,3.4,1,6,0.166666667,0.167,mesopelagic,,LC,NPTG,2,2009,2011,Davison and Asch 2011,none,vaguely mentioned,yes,0.007,1,NA,NA,NA,NA,NA,NA,1,
Taaningichthys bathyphilus,Deepwater lanternfish,Myctophiformes,Myctophidae,3.1,0,3,0,0,bathypelagic,,LC,NPTG,2,2009,2011,Davison and Asch 2011,none,vaguely mentioned,yes,0.007,1,NA,NA,NA,NA,NA,NA,1,
Acanthurus japonicus,Japan surgeonfish,Perciformes,Acanthuridae,NA,NA,NA,NA,NA,reef-associated,,LC,CHIN,3,May of 2018,2019,Nie et al. 2019,Raman,not described,yes,0.00045,1,NA,NA,NA,NA,NA,NA,1,
Acanthurus lineatus,Lined surgeonfish,Perciformes,Acanthuridae,2,NA,NA,NA,NA,reef-associated,,LC,CHIN,3,May of 2018,2019,Nie et al. 2019,Raman,not described,yes,0.00045,1,NA,NA,NA,NA,NA,NA,1,
Acanthurus pyroferus,Chocolate surgeonfish,Perciformes,Acanthuridae,2,NA,NA,NA,NA,reef-associated,,LC,CHIN,3,May of 2018,2019,Nie et al. 2019,Raman,not described,yes,0.00045,1,NA,NA,NA,NA,NA,NA,1,
Balistapus undulatus,Orange-lined triggerfish,Tetraodontiformes,Balistidae,3.4,NA,NA,NA,NA,reef-associated,,NA,CHIN,3,May of 2018,2019,Nie et al. 2019,Raman,not described,yes,0.00045,1,NA,NA,NA,NA,NA,NA,1,
Cephalopholis urodeta,Darkfin hind,Perciformes,Serranidae,4,NA,NA,NA,NA,reef-associated,,LC,CHIN,3,May of 2018,2019,Nie et al. 2019,Raman,not described,yes,0.00045,1,NA,NA,NA,NA,NA,NA,1,
Melichthys vidua,Pinktail triggerfish,Tetraodontiformes,Balistidae,3.4,NA,NA,NA,NA,reef-associated,,Not assessed,CHIN,3,May of 2018,2019,Nie et al. 2019,Raman,not described,yes,0.00045,1,NA,NA,NA,NA,NA,NA,1,
Monocentrus japonica,NA,NA,NA,NA,NA,NA,NA,NA,NA,,NA,CHIN,3,May of 2018,2019,Nie et al. 2019,Raman,not described,yes,0.00045,1,NA,NA,NA,NA,NA,NA,1,
Naso brevirostris,Spotted unicornfish,Perciformes,Acanthuridae,2.2,NA,NA,NA,NA,reef-associated,,LC,CHIN,3,May of 2018,2019,Nie et al. 2019,Raman,not described,yes,0.00045,1,NA,NA,NA,NA,NA,NA,1,
Naso lituratus,Orangespine unicornfish,Perciformes,Acanthuridae,2.3,0,NA,0,0,reef-associated,,LC,CHIN,3,May of 2018,2019,Nie et al. 2019,Raman,not described,yes,0.00045,1,NA,NA,NA,NA,NA,NA,1,
Neotrygon kuhlii,Blue-spotted stingray,Myliobatiformes,Dasyatidae,3.3,NA,NA,NA,NA,reef-associated,,DD,CHIN,3,May of 2018,2019,Nie et al. 2019,Raman,not described,yes,0.00045,1,NA,NA,NA,NA,NA,NA,1,
Odonus niger,Red-toothed triggerfish,Tetraodontiformes,Balistidae,3.2,NA,NA,NA,NA,reef-associated,,Not assessed,CHIN,3,May of 2018,2019,Nie et al. 2019,Raman,not described,yes,0.00045,1,NA,NA,NA,NA,NA,NA,1,
Pomacanthus imperator,Emperor angelfish,Perciformes,Pomacanthidae,2.7,0,NA,0,0,reef-associated,,LC,CHIN,3,May of 2018,2019,Nie et al. 2019,Raman,not described,yes,0.00045,1,NA,NA,NA,NA,NA,NA,1,
Pseudobalistes fuscus,Yellow-spotted triggerfish,Tetraodontiformes,Balistidae,4,NA,NA,NA,NA,reef-associated,,Not assessed,CHIN,3,May of 2018,2019,Nie et al. 2019,Raman,not described,yes,0.00045,1,NA,NA,NA,NA,NA,NA,1,
Sufflamen fraenatum,Masked triggerfish,Tetraodontiformes,Balistidae,3.7,NA,NA,NA,NA,reef-associated,,LC,CHIN,3,May of 2018,2019,Nie et al. 2019,Raman,not described,yes,0.00045,1,NA,NA,NA,NA,NA,NA,1,
Xanthichthys caeruleolineatus,outrigger triggerfish,Tetraodontiformes,Balistidae,3.5,0,NA,0,0,reef-associated,,Not assessed,CHIN,3,May of 2018,2019,Nie et al. 2019,Raman,not described,yes,0.00045,1,NA,NA,NA,NA,NA,NA,1,
Zebrasoma velifer,Sailfin tang,Perciformes,Acanthuridae,2,0,NA,0,0,reef-associated,,LC,CHIN,3,May of 2018,2019,Nie et al. 2019,Raman,not described,yes,0.00045,1,NA,NA,NA,NA,NA,NA,1,
Atherinopsis californiensis,Jacksmelt,Atheriniformes,Atherinopsidae,2.3,2,7,0.285714286,1.6,pelagic-neritic,,LC,CCAL,3,2014,2015,Rochman et al. 2015,none,lab blank,yes,0.5,1,NA,NA,NA,NA,NA,NA,1,
Citharichthys sordidus,Pacific sanddab,Pleuronectiformes,Paralichthyidae,3.5,3,5,0.6,1,demersal,,Not assessed,CCAL,3,2014,2015,Rochman et al. 2015,none,lab blank,yes,0.5,1,NA,NA,NA,NA,NA,NA,1,
Engraulis mordax,Pacific Anchovy,Clupeiformes,Engraulidae,3.1,3,10,0.3,0.3,pelagic-neritic,,LC,CCAL,3,2014,2015,Rochman et al. 2015,none,lab blank,yes,0.5,1,NA,NA,NA,NA,NA,NA,1,
Morone saxatilis,Striped bass,Perciformes,Moronidae,4.7,2,7,0.285714286,0.9,demersal,,LC,CCAL,3,2014,2015,Rochman et al. 2015,none,lab blank,yes,0.5,1,NA,NA,NA,NA,NA,NA,1,
Sebastes caurinus,Copper rockfish,Scorpaeniformes,Sebastidae,4.1,0,1,0,0,demersal,,Not assessed,CCAL,3,2014,2015,Rochman et al. 2015,none,lab blank,yes,0.5,1,NA,NA,NA,NA,NA,NA,1,
Sebastes flavidus,Yellowtail rockfish,Scorpaeniformes,Sebastidae,4.2,1,3,0.333333333,0.3,reef-associated,,Not assessed,CCAL,3,2014,2015,Rochman et al. 2015,none,lab blank,yes,0.5,1,NA,NA,NA,NA,NA,NA,1,
Sebastes miniatus,Vermilion Rockfish,Scorpaeniformes,Sebastidae,3.9,0,5,0,0,reef-associated,,Not assessed,CCAL,3,2014,2015,Rochman et al. 2015,none,lab blank,yes,0.5,1,NA,NA,NA,NA,NA,NA,1,
Thunnus alalunga,Albacore tuna,Perciformes,Scombridae,4.3,0,2,0,0,pelagic-oceanic,,NT,CCAL,3,2014,2015,Rochman et al. 2015,none,lab blank,yes,0.5,1,NA,NA,NA,NA,NA,NA,1,
Tridentiger barbatus,Shikohaze goby,Perciformes,Gobiidae,3.4,8,8,1,4.5,demersal,,Not assessed,CHIN,3,2017,2019,Su et al. 2019,FTIR,lab blank,yes,0.02,1,NA,NA,NA,NA,NA,NA,1,
Centrobranchus andreae,Andre's lanternfish,Myctophiformes,Myctophidae,3.4,2,5,0.4,NA,pelagic-oceanic,,Not assessed,NPTG,1,Feb. -April 2007,2013,Van Noord 2013,none,NA,NA,NA,1,NA,NA,NA,NA,NA,NA,1,
Collichthys niveatus,NA,Perciformes,Sciaenidae,3.8,0,1,0,0,demersal,,Not assessed,CHIN,3,September of 2017,2019,Zhang et al. 2019,FTIR,lab blank,yes,0.0016,1,NA,NA,NA,NA,NA,NA,1,
Cynoglossus lighti,NA,Pleuronectiformes,Cynoglossidae,3.4,3,3,1,5,demersal,,Not assessed,CHIN,3,18-Jan,2019,Zhang et al. 2019,FTIR,lab blank,yes,0.0016,1,NA,NA,NA,NA,NA,NA,1,
Okamejei kenojei,Ocellate spot skate,Rajiformes,Rajidae,3.4,3,3,1,6.5,demersal,,DD,CHIN,3,18-Jan,2019,Zhang et al. 2019,FTIR,lab blank,yes,0.0016,1,NA,NA,NA,NA,NA,NA,1,
Oplegnathus fasciatus,Barred knifejaw,Perciformes,Oplegnathidae,3.6,3,3,1,4,reef-associated,,Not assessed,CHIN,3,18-Jan,2019,Zhang et al. 2019,FTIR,lab blank,yes,0.0016,1,NA,NA,NA,NA,NA,NA,1,
Pennahia argentata,Silver croaker,Perciformes,Sciaenidae,4.1,0,4,0,0,benthopelagic,,Not assessed,CHIN,3,September of 2017,2019,Zhang et al. 2019,FTIR,lab blank,yes,0.0016,1,NA,NA,NA,NA,NA,NA,1,
Polydactylus sextarius,Blackspot threadfin,Perciformes,Polynemidae,3.8,NA,2,NA,0.5,demersal,,Not assessed,CHIN,3,September of 2017,2019,Zhang et al. 2019,FTIR,lab blank,yes,0.0016,1,NA,NA,NA,NA,NA,NA,1,
Antigonia capros,Deepbody boarfish,Perciformes,Caproidae,4.1,3,3,1,1.88,demersal,,LC,CHIN,3,NA,2019,Zhu et al. 2019,FTIR,lab blank,yes,0.00022,1,NA,NA,NA,NA,NA,NA,1,
Benthodesmus tenuis,Slender frostfish,Perciformes,Trichiuridae,4.4,2,2,1,3.31,benthopelagic,,LC,CHIN,3,NA,2019,Zhu et al. 2019,FTIR,lab blank,yes,0.00022,1,NA,NA,NA,NA,NA,NA,1,
Borostomias pacificus,NA,Stomiiformes,Stomiidae,3.7,1,1,1,6.6,bathypelagic,,Not assessed,CHIN,3,NA,2019,Zhu et al. 2019,FTIR,lab blank,yes,0.00022,1,NA,NA,NA,NA,NA,NA,1,
Centroberyx lineatus,Swallow-tail,Beryciformes,Berycidae,4.2,3,3,1,2.83,benthopelagic,,Not assessed,CHIN,3,NA,2019,Zhu et al. 2019,FTIR,lab blank,yes,0.00022,1,NA,NA,NA,NA,NA,NA,1,
Chlorophthalmus agassizi,Shortnose greeneye,Aulopiformes,Chlorophthalmidae,3.7,1,1,1,1.88,bathydemersal,,LC,CHIN,3,NA,2019,Zhu et al. 2019,FTIR,lab blank,yes,0.00022,1,NA,NA,NA,NA,NA,NA,1,
Chlorophthalmus albatrossis,NA,Aulopiformes,Chlorophthalmidae,4.1,4,4,1,2.35,bathydemersal,,Not assessed,CHIN,3,NA,2019,Zhu et al. 2019,FTIR,lab blank,yes,0.00022,1,NA,NA,NA,NA,NA,NA,1,
Diaphus watasei,Watases lanternfish,Myctophiformes,Myctophidae,3.2,4,4,1,4.01,benthopelagic,,LC,CHIN,3,NA,2019,Zhu et al. 2019,FTIR,lab blank,yes,0.00022,1,NA,NA,NA,NA,NA,NA,1,
Lepidotrigla guentheri,NA,Scorpaeniformes,Triglidae,3.5,4,4,1,3.06,demersal,,Not assessed,CHIN,3,NA,2019,Zhu et al. 2019,FTIR,lab blank,yes,0.00022,1,NA,NA,NA,NA,NA,NA,1,
Malakichthys griseus,NA,Perciformes,Acropomatidae,3.2,1,1,1,3.77,pelagic-oceanic,,Not assessed,CHIN,3,NA,2019,Zhu et al. 2019,FTIR,lab blank,yes,0.00022,1,NA,NA,NA,NA,NA,NA,1,
Neoscopelus microchir,shortfin neoscopelid,Myctophiformes,Neoscopelidae,3.2,1,1,1,3.78,bathypelagic,,LC,CHIN,3,NA,2019,Zhu et al. 2019,FTIR,lab blank,yes,0.00022,1,NA,NA,NA,NA,NA,NA,1,
Polymetme elongata,NA,Stomiiformes,Phosichthyidae,3.6,1,1,1,7.5,benthopelagic,,Not assessed,CHIN,3,NA,2019,Zhu et al. 2019,FTIR,lab blank,yes,0.00022,1,NA,NA,NA,NA,NA,NA,1,
Rexea solandri,Silver gemfish,Perciformes,Gempylidae,4.3,3,3,1,4.4,benthopelagic,,Not assessed,CHIN,3,NA,2019,Zhu et al. 2019,FTIR,lab blank,yes,0.00022,1,NA,NA,NA,NA,NA,NA,1,
Synagrops japonicus,blackmouth splitfin,Perciformes,Acropomatidae,4.3,2,2,1,3.78,benthopelagic,,LC,CHIN,3,NA,2019,Zhu et al. 2019,FTIR,lab blank,yes,0.00022,1,NA,NA,NA,NA,NA,NA,1,
Pisodonophis boro,Rice-paddy eel,Anguilliformes,Ophichthidae,4,1,1,1,NA,demersal,minor commercial,LC,CHIN,3,,2020,Huang et al. 2020,FTIR,lab blank,yes,0.02,1,NA,NA,NA,NA,NA,NA,1,
Hypoatherina valenciennei,Sumatran silverside,Atheriniformes,Atherinidae,3.2,0,1,0,NA,pelagic-neritic,minor commercial,Not assessed,CHIN,3,,2020,Huang et al. 2020,FTIR,lab blank,yes,0.02,1,NA,NA,NA,NA,NA,NA,1,
Tylosurus melanotus,Keel-jawed needle fish,Beloniformes,Belonidae,4.3,NA,2,NA,NA,reef-associated,commercial,Not assessed,CHIN,3,,2020,Huang et al. 2020,FTIR,lab blank,yes,0.02,1,NA,NA,NA,NA,NA,NA,1,
Stolephorus commersonnii ,Commerson's anchovy,Clupeiformes,Clupeidae,3.1,0,1,0,NA,pelagic-neritic,commercial,LC,CHIN,3,,2020,Huang et al. 2020,FTIR,lab blank,yes,0.02,1,NA,NA,NA,NA,NA,NA,1,
Thryssa vitrirostris,Orangemouth anchovy,Clupeiformes,Clupeidae,3.4,NA,3,NA,NA,pelagic-neritic,minor commercial,LC,CHIN,3,,2020,Huang et al. 2020,FTIR,lab blank,yes,0.02,1,NA,NA,NA,NA,NA,NA,1,
Osteomugil cunnesius,Longarm mullet,Mugiliformes,Mugilidae,2.4,NA,9,NA,NA,demersal,commercial,Not assessed,CHIN,3,,2020,Huang et al. 2020,FTIR,lab blank,yes,0.02,1,NA,NA,NA,NA,NA,NA,1,
Acanthopagrus latus,Yellowfin seabream,Perciformes,Sparidae,3.8,NA,3,NA,NA,demersal,commercial,DD,CHIN,3,,2020,Huang et al. 2020,FTIR,lab blank,yes,0.02,1,NA,NA,NA,NA,NA,NA,1,
Acentrogobius chlorostigmatoides,Greenspot goby,Perciformes,Gobiidae,3.4,1,1,1,NA,demersal,none,Not assessed,CHIN,3,,2020,Huang et al. 2020,FTIR,lab blank,yes,0.02,1,NA,NA,NA,NA,NA,NA,1,
Acentrogobius viridipunctatus,Spotted green goby,Perciformes,Gobiidae,3.5,NA,9,NA,NA,demersal,none,Not assessed,CHIN,3,,2020,Huang et al. 2020,FTIR,lab blank,yes,0.02,1,NA,NA,NA,NA,NA,NA,1,
Alepes djedaba ,Shrimp scad,Perciformes,Carangidae,3.3,1,1,1,NA,reef-associated,commercial,LC,CHIN,3,,2020,Huang et al. 2020,FTIR,lab blank,yes,0.02,1,NA,NA,NA,NA,NA,NA,1,
Callionymus curvicornis,Horn dragonet,Perciformes,Callionymidae,3.2,NA,4,NA,NA,demersal,none,Not assessed,CHIN,3,,2020,Huang et al. 2020,FTIR,lab blank,yes,0.02,1,NA,NA,NA,NA,NA,NA,1,
Dendrophysa russelii,Goatee croaker,Perciformes,Sciaenidae,3.6,NA,2,NA,NA,demersal,minor commercial,LC,CHIN,3,,2020,Huang et al. 2020,FTIR,lab blank,yes,0.02,1,NA,NA,NA,NA,NA,NA,1,
Epinephelus akaara,Hong Kong grouper,Perciformes,Serranidae,4,NA,4,NA,NA,reef-associated,minor commercial,EN,CHIN,3,,2020,Huang et al. 2020,FTIR,lab blank,yes,0.02,1,NA,NA,NA,NA,NA,NA,1,
Gerres decacanthus,Small Chinese silver-biddy,Perciformes,Gerreidae,3.2,NA,2,NA,NA,benthopelagic,none,Not assessed,CHIN,3,,2020,Huang et al. 2020,FTIR,lab blank,yes,0.02,1,NA,NA,NA,NA,NA,NA,1,
Gerres filamentosus,Whipfin silver-biddy,Perciformes,Gerreidae,3.3,NA,4,NA,NA,demersal,minor commercial,LC,CHIN,3,,2020,Huang et al. 2020,FTIR,lab blank,yes,0.02,1,NA,NA,NA,NA,NA,NA,1,
Gerres limbatus,Saddleback silver-biddy,Perciformes,Gerreidae,3.5,NA,4,NA,NA,demersal,commercial,LC,CHIN,3,,2020,Huang et al. 2020,FTIR,lab blank,yes,0.02,1,NA,NA,NA,NA,NA,NA,1,
Oreochromis niloticus,Nile tilapia,Perciformes,Cichlidae,2,NA,4,NA,NA,benthopelagic,highly commerical,LC,CHIN,3,,2020,Huang et al. 2020,FTIR,lab blank,yes,0.02,1,NA,NA,NA,NA,NA,NA,1,
Periophthalmus modestus ,Shuttles hoppfish,Perciformes,Oxudercidae,3.2,NA,2,NA,NA,demersal,none,Not assessed,CHIN,3,,2020,Huang et al. 2020,FTIR,lab blank,yes,0.02,1,NA,NA,NA,NA,NA,NA,1,
Cynoglossus puncticeps,Speckled tonguesole,Pleuronectiformes,Cynoglossidae,3.3,NA,5,NA,NA,demersal,commercial,LC,CHIN,3,,2020,Huang et al. 2020,FTIR,lab blank,yes,0.02,1,NA,NA,NA,NA,NA,NA,1,
Zebrias zebra,Zebra sole,Pleuronectiformes,Soleidae,3.5,NA,4,NA,NA,reef-associated,commercial,Not assessed,CHIN,3,,2020,Huang et al. 2020,FTIR,lab blank,yes,0.02,1,NA,NA,NA,NA,NA,NA,1,
Plicofollis nella,Smooth-headed catfish,Siluriformes,Ariidae,3.7,NA,6,NA,NA,demersal,none,Not assessed,CHIN,3,,2020,Huang et al. 2020,FTIR,lab blank,yes,0.02,1,NA,NA,NA,NA,NA,NA,1,
Takifugu niphobles ,Japanese puffer,Tetraodontiformes,Tetradontidae,3.3,NA,6,NA,NA,demersal,none,LC,CHIN,3,,2020,Huang et al. 2020,FTIR,lab blank,yes,0.02,1,NA,NA,NA,NA,NA,NA,1,
Thunnus alalunga,Albacore tuna,Perciformes,Scombridae,4.3,6,7,0.857142857,2.3,pelagic-oceanic,,NT,NPTG,3,,2020,Hyrenbach et al. 2020,FTIR,not described,not described,0.25,1,NA,NA,NA,NA,NA,NA,1,
Priacanthus macracanthus,Red bigeye,Perciformes,Priacanthidae,4.1,0,7,0,0,reef-associated,commercial,LC,CHIN,3,,2020,Koongolla et al. 2020,FTIR,lab blank,yes,0.02,1,NA,NA,NA,NA,NA,NA,1,
Trichiurus lepturus,Largehead hairtail,Perciformes,Trichiuridae,4.4,0,8,0,0,benthopelagic,highly commerical,LC,CHIN,3,,2020,Koongolla et al. 2020,FTIR,lab blank,yes,0.02,1,NA,NA,NA,NA,NA,NA,1,
Scorpaena hatizyoensis,,Scorpaeniformes ,Scorpaenidae,3.7,0,9,0,0,demersal,none,LC,CHIN,3,,2020,Koongolla et al. 2020,FTIR,lab blank,yes,0.02,1,NA,NA,NA,NA,NA,NA,1,
Glossogobius giuris,Tank goby,Perciformes,Gobiidae,3.7,4,5,0.8,0.2,benthopelagic,minor commercial,LC,CHIN,3,,2020,Lin et al. 2020,FTIR,lab blank,yes,0.02,1,NA,NA,NA,NA,NA,NA,1,
Plectorhynchus cinctus,Crescent sweetlips ,Perciformes,Haemulidae,3.5,2,3,0.666666667,0.66,reef-associated,commercial,Not assessed,CHIN,3,,2020,Lin et al. 2020,FTIR,lab blank,yes,0.02,1,NA,NA,NA,NA,NA,NA,1,
Trachinotus ovatus,Pompano,Perciformes,Carangidae,3.7,3,8,0.375,0.63,pelagic-neritic,minor commercial,LC,CHIN,3,,2020,Lin et al. 2020,FTIR,lab blank,yes,0.02,1,NA,NA,NA,NA,NA,NA,1,
Cynoglossus trigrammus,,Pleuronectiformes,Cynoglossidae,3.5,2,8,0.25,0.88,demersal,none,LC,CHIN,3,,2020,Lin et al. 2020,FTIR,lab blank,yes,0.02,1,NA,NA,NA,NA,NA,NA,1,
Alepes djedaba,Shrimp scad,Perciformes,Carangidae,3.3,NA,6,NA,3,reef-associated,commercial,LC,CHIN,3,,2020,Zhang et al. 2020a,FTIR,not described,yes,0.0045,1,NA,NA,NA,NA,NA,NA,1,
Oplegnathus fasciatus,Barred knifejaw,Perciformes,Oplegnathidae,3.6,3,3,1,3.9,reef-associated,commercial,Not assessed,CHIN,3,,2020,Zhang et al. 2020b,FTIR,lab blank,yes,0.0045,1,NA,NA,NA,NA,NA,NA,1,
Raja porosa,Ocellate spot skate,Rajiformes,Rajidae,3.4,3,3,1,6.3,demersal,commercial,Not assessed,CHIN,3,,2020,Zhang et al. 2020b,FTIR,lab blank,yes,0.0045,1,NA,NA,NA,NA,NA,NA,1,
Cynoglossus lighti,NA,Pleuronectiformes,Cynoglossidae,3.4,3,3,1,5,demersal,,Not assessed,CHIN,3,,2020,Zhang et al. 2020b,FTIR,lab blank,yes,0.0045,1,NA,NA,NA,NA,NA,NA,1,
Myctophidae spp.,NA,Myctophiformes,Myctophidae,NA,2,6,0.333333333,0.666666667,NA,,NA,CCAL,3,2009,2019,Gassel et al. 2019,none,lab blank,yes,0.01,NA,NA,NA,NA,NA,NA,NA,0,
Photopectoralis bindus,Orangefin ponyfish,Perciformes,Leiognathidae,2.9,18,18,1,4.1,demersal,,Not assessed,CHIN,3,2015,2017,Jabeen et al. 2017,FTIR,lab blank,yes,0.005,,,,,,,,0,
Johnius spp.,NA,Perciformes,Sciaenidae,NA,NA,30,NA,0.5,NA,,NA,CHIN,3,September of 2017,2019,Zhang et al. 2019,FTIR,lab blank,yes,0.0016,NA,NA,NA,NA,NA,NA,NA,0,